ticker,n_total,n_2009,n_2010,n_2011,n_2012,n_2013,n_2014,n_2015,n_2016,n_2017,n_2018,n_2019,n_2020,n_2021,n_2022,n_2023,price_start,price_end,n_price_rows,max_gap_days,median_dollar_vol,liquidity_year,close_liquidity_mean,error,selection_news,tier,composite_score
ADBE,6570,27,288,249,189,304,267,329,414,569,689,563,554,417,613,1098,1986-08-13,2023-12-28,3773.0,5.0,285764129.3457031,2017.0,143.9961358180559,,1258,STRONG,11.40071132058384
ALB,4175,1,40,104,65,91,88,236,268,333,484,488,287,231,725,734,1994-02-22,2023-12-28,3773.0,5.0,120526803.26080321,2017.0,115.21653382806664,,817,STRONG,10.70593611500525
ASML,3520,5,97,108,178,215,129,213,157,275,492,312,212,215,338,574,1995-03-15,2023-12-28,3773.0,5.0,104468765.25115967,2017.0,146.3398405888166,,767,STRONG,10.614506899236133
BIIB,6453,0,5,89,218,484,645,691,618,614,590,539,511,483,457,509,1991-09-17,2023-12-28,3773.0,5.0,376529402.43530273,2017.0,291.0549403338793,,1204,STRONG,11.307786930320727
BTI,2171,0,17,30,46,33,44,87,186,327,453,552,142,87,61,106,1980-04-14,2023-12-28,3773.0,5.0,139313220.6390381,2017.0,65.27904398032868,,780,STRONG,10.643402468702902
BX,6045,44,185,159,221,300,344,470,305,370,769,815,461,458,516,628,2007-06-22,2023-12-28,3773.0,5.0,114066188.56544495,2017.0,31.734980062659517,,1139,STRONG,11.215922932185718
CAT,7514,2,60,184,568,521,501,607,425,643,1094,696,436,363,496,918,1970-01-02,2023-12-28,3773.0,5.0,415543821.723938,2017.0,112.59948216776449,,1737,STRONG,11.956082371229748
CCI,3208,3,73,101,230,154,181,203,265,325,353,442,243,134,213,288,1998-08-18,2023-12-28,3773.0,5.0,198864794.13452148,2017.0,99.51055771421152,,678,STRONG,10.422457184809609
CLF,4139,9,198,228,193,247,402,236,415,409,474,385,205,227,232,279,1973-02-21,2023-12-28,3773.0,5.0,86508405.5314064,2017.0,7.552988052368164,,883,STRONG,10.758805045373435
CME,4389,10,123,297,403,230,187,381,338,422,516,470,311,185,208,308,2002-12-06,2023-12-28,3773.0,5.0,160414991.1605835,2017.0,127.18035885632275,,938,STRONG,10.912777954369943
CMG,7174,1,13,30,88,251,539,790,1149,933,651,587,538,361,491,752,2006-01-26,2023-12-28,3773.0,5.0,345698083.77685547,2017.0,377.7937055488982,,1584,STRONG,11.60752217548734
CNQ,2656,3,37,63,108,84,151,231,169,444,333,288,227,131,233,154,2000-07-31,2023-12-28,3773.0,5.0,71196738.2774353,2017.0,31.802430323870535,,777,STRONG,10.430670153628318
CRM,7593,1,20,73,97,119,158,216,911,710,821,688,700,750,863,1466,2004-06-23,2023-12-28,3773.0,5.0,350961691.0736084,2017.0,90.25948193918661,,1531,STRONG,11.704128552759041
DB,4430,38,293,319,257,248,263,315,687,348,434,448,249,113,182,236,1996-11-18,2023-12-28,3773.0,5.0,81394301.64718628,2017.0,18.033107514400406,,782,STRONG,10.585000792455677
DDD,3172,0,2,25,89,288,540,417,444,336,354,203,146,161,83,84,1988-03-10,2023-12-28,3773.0,5.0,31037802.93045044,2017.0,14.885737084772483,,690,STRONG,10.280537448915267
DECK,3412,5,134,216,369,280,280,247,200,305,357,345,157,63,88,366,1993-10-15,2023-12-28,3773.0,5.0,34719770.27511597,2017.0,63.652350573900684,,662,STRONG,10.250440905973981
DHI,4800,12,175,121,181,287,260,400,396,586,678,567,339,116,267,415,1992-06-05,2023-12-28,3773.0,5.0,131884846.276474,2017.0,36.8839043773028,,1264,STRONG,11.332172516966269
DHR,4897,6,70,171,260,385,371,562,500,395,463,635,343,142,213,381,1978-12-29,2023-12-28,3773.0,5.0,199387029.16259766,2017.0,85.90478077922684,,858,STRONG,10.790531038351396
EL,3966,5,85,165,221,127,182,315,277,465,509,653,257,111,228,366,1995-11-17,2023-12-28,3773.0,5.0,159218050.85983276,2017.0,99.3532268630556,,974,STRONG,10.946902003381648
EMR,2833,4,54,88,126,100,137,153,246,206,476,460,187,102,215,279,1972-06-01,2023-12-28,3773.0,5.0,189775896.11434937,2017.0,61.033147500330706,,682,STRONG,10.48952409768586
EWC,3034,7,39,193,133,162,243,256,239,153,875,550,128,12,17,27,1996-03-18,2023-12-28,3773.0,5.0,54982024.24144746,2017.0,27.604501997807112,,1028,STRONG,10.841886537137412
EXPE,3291,0,10,54,57,100,135,268,416,428,363,323,447,233,205,252,2005-07-21,2023-12-28,3773.0,5.0,238452886.86218262,2017.0,135.14183248086755,,791,STRONG,10.603362844030089
GILD,12376,13,150,209,248,458,1162,1270,1120,1067,1636,1374,2237,399,535,498,1992-01-22,2023-12-28,3773.0,5.0,571799414.1616821,2017.0,72.3251392318908,,2703,STRONG,12.638840828344176
HBI,3061,5,26,105,151,345,483,301,245,315,330,254,184,102,103,112,2006-09-06,2023-12-28,3773.0,5.0,96103095.35064699,2017.0,22.032549793501776,,645,STRONG,10.276536957356791
HOG,4135,1,31,118,324,199,242,405,535,405,540,415,287,171,280,182,1986-07-08,2023-12-28,3773.0,5.0,95962851.87454222,2017.0,52.89529874885225,,945,STRONG,10.893016487863264
KIM,2469,2,65,69,153,138,123,203,161,249,525,334,133,69,112,133,1991-11-22,2023-12-28,3773.0,5.0,76831706.75907134,2017.0,20.480039870121566,,774,STRONG,10.603139767833493
KSS,6818,23,182,237,260,247,378,621,776,829,975,769,562,245,455,259,1992-05-19,2023-12-28,3773.0,5.0,157102208.41941833,2017.0,41.54621511816504,,1804,STRONG,11.883411894819115
LUV,2382,0,0,0,0,0,0,0,115,416,554,738,552,0,0,7,1980-01-02,2023-12-28,3773.0,5.0,267159862.52822876,2017.0,56.73549801039981,,970,STRONG,11.020865466909624
MRO,3947,5,69,271,366,263,236,419,613,341,510,365,244,0,0,245,1970-01-02,2023-12-28,3773.0,5.0,176493096.7388153,2017.0,14.27067730436287,,851,STRONG,10.803120503391536
MS,9458,0,602,527,365,257,375,639,619,759,713,551,918,889,1018,1226,1993-02-23,2023-12-28,3774.0,4.0,398856320.40023804,2017.0,46.11804781302038,,1472,STRONG,11.607705474660982
MYGN,2815,10,60,88,165,315,411,220,205,311,384,385,145,21,36,59,1995-10-06,2023-12-28,3773.0,5.0,22059840.876579285,2017.0,25.331832555185752,,695,STRONG,10.293465403279608
NDAQ,4255,14,113,370,433,437,175,253,272,376,408,385,354,198,205,262,2002-07-01,2023-12-28,3773.0,5.0,58276979.052734375,2017.0,72.22258940920887,,784,STRONG,10.532937155933647
NKE,7129,3,37,52,136,145,306,441,672,828,673,540,681,730,921,964,1980-12-02,2023-12-28,3773.0,5.0,463406949.40185547,2017.0,55.70601597820145,,1501,STRONG,11.606532696944871
NWL,2977,0,74,126,133,122,173,249,294,345,604,413,143,70,89,142,1980-03-17,2023-12-28,3773.0,5.0,173673246.0021973,2017.0,45.369043692174664,,949,STRONG,10.976394429849563
OHI,2992,5,11,21,54,92,111,399,580,388,539,467,108,48,92,77,1992-08-07,2023-12-28,3773.0,5.0,57928711.321258545,2017.0,31.527330679722517,,927,STRONG,10.825937584830893
OKE,2997,1,15,78,117,99,98,249,271,275,433,452,339,100,190,280,1980-10-01,2023-12-28,3773.0,5.0,134979928.04031372,2017.0,53.533346624488374,,708,STRONG,10.509298805414375
OXY,7691,3,147,164,268,228,337,518,511,375,718,1208,1058,362,962,832,1981-12-31,2023-12-28,3773.0,5.0,268122616.09573364,2017.0,64.11864545905732,,1093,STRONG,11.228322619054289
PLCE,2874,13,61,77,134,132,80,165,475,778,337,337,96,42,78,69,1997-09-19,2023-12-28,3773.0,5.0,48085000.0,2017.0,111.14541829629724,,1115,STRONG,10.688453342494817
PRU,3891,10,148,136,269,247,219,317,337,365,414,387,363,173,230,276,2001-12-13,2023-12-28,3773.0,5.0,192083302.53982544,2017.0,108.3110756741102,,779,STRONG,10.636293109742354
QCOM,8954,0,56,87,402,502,569,913,664,473,1127,1011,670,568,833,1079,1991-12-13,2023-12-28,3773.0,5.0,479538054.01763916,2017.0,56.851832705189985,,1600,STRONG,11.844969708217981
RS,2861,0,0,0,0,0,7,55,63,1549,615,35,38,59,237,203,1994-09-16,2023-12-28,3773.0,5.0,36024844.271850586,2017.0,77.16179270953296,,2164,STRONG,11.60757249091466
SPWR,5128,0,0,13,212,451,520,776,739,587,451,461,273,211,240,194,2005-11-17,2023-12-28,3773.0,5.0,20291397.514867783,2017.0,7.954023898835201,,1038,STRONG,10.7635080455647
SU,3682,11,72,155,113,125,110,451,459,317,375,330,335,222,343,264,1980-03-17,2023-12-28,3773.0,5.0,98398907.96203612,2017.0,32.227290780420795,,692,STRONG,10.409212890505493
TEVA,3598,1,27,40,88,108,136,167,210,800,540,529,394,160,191,207,1982-02-16,2023-12-28,3773.0,5.0,253712658.41388702,2017.0,25.622071725913727,,1340,STRONG,11.317218179559461
TSN,5994,3,123,240,339,369,553,607,647,543,541,647,509,217,352,304,1980-03-17,2023-12-28,3773.0,5.0,155239440.63949585,2017.0,66.19637465761951,,1084,STRONG,11.082941038710821
USO,5431,5,357,895,110,263,455,331,583,464,396,227,398,345,327,275,2006-04-10,2023-12-28,3773.0,5.0,218455924.87335205,2017.0,84.01019904148056,,860,STRONG,10.722827749073835
VRTX,5320,5,54,171,202,148,222,255,237,427,709,704,558,332,649,647,1991-07-24,2023-12-28,3773.0,5.0,182080004.88281247,2017.0,126.90382482521088,,1136,STRONG,11.246879019098538
WEN,4078,6,123,220,273,358,311,420,555,310,402,410,251,118,151,170,1980-05-06,2023-12-28,3773.0,5.0,36653071.632671356,2017.0,14.828685266563141,,712,STRONG,10.381655093161726
WFC,11301,0,0,2,309,285,222,419,2133,1928,1095,833,1182,857,850,1186,1972-06-01,2023-12-28,3773.0,5.0,915774542.0734406,2017.0,54.97992037586957,,3023,STRONG,12.574158687212854
WSM,3567,9,110,144,268,224,373,368,355,306,359,356,180,106,252,157,1983-07-07,2023-12-28,3773.0,5.0,71398697.65319826,2017.0,49.31346606068402,,665,STRONG,10.320265963265129
